INSERT INTO user_info (id, username, password, profile_image, full_name, created_at) VALUES
('dbdfb775-942a-4af1-b40f-f0fd230d5784', 'frank_t', '$2a$10$Ti5tsCjuHabAXbXSR6xTuuKjQ3HqcH0G9fXdFHe.pyFISkcfJDiHO', 'https://randomuser.me/api/portraits/men/77.jpg', 'Frank Thomson', CURRENT_TIMESTAMP),
('d6d26785-e66d-4bd2-98d1-77ddddf4e70e', 'grace_l', '$2a$10$Ti5tsCjuHabAXbXSR6xTuuKjQ3HqcH0G9fXdFHe.pyFISkcfJDiHO', 'https://randomuser.me/api/portraits/women/88.jpg', 'Grace Li', CURRENT_TIMESTAMP);

INSERT INTO product (id, name, price, image, description, sku, created_at) VALUES
('0fb9d47c-1d6a-4586-9297-280ad3b67eea', 'Wireless Earbuds X1', 59.99, 'https://m.media-amazon.com/images/I/51oMWaW7tKL._SX679_.jpg', 'Compact true wireless earbuds with noise isolation and charging case.', 'EB-X1', CURRENT_TIMESTAMP),
('780d0050-e201-499d-8b20-84df1201e90d', 'Bluetooth Keyboard K200', 49.99, 'https://m.media-amazon.com/images/I/71z+UvKRg8L._SL1500_.jpg', 'Slim Bluetooth keyboard with quiet keys and long battery life.', 'KB-K200', CURRENT_TIMESTAMP),
('845f9122-8440-4326-80b1-d8b936b6c2fb', 'iPhone 13 Mini', 499.00, 'https://m.media-amazon.com/images/I/61RCITgrTvL._SX522_.jpg', 'Compact smartphone with A15 Bionic chip and 128GB storage.', 'MB-IP13M', CURRENT_TIMESTAMP),
('28a09363-a380-4d19-8b60-152d52a76a64', 'Samsung Galaxy A35', 429.00, 'https://m.media-amazon.com/images/I/812G9En3bDL._SL1500_.jpg', 'Stylish mid-range Samsung phone with Super AMOLED display.', 'MB-SGA55', CURRENT_TIMESTAMP),
('c92daca0-64b3-4448-b978-20d9fd1b0494', 'Mechanical Keyboard MK700', 89.99, 'https://m.media-amazon.com/images/I/61cvMO-HeeL._SX522_.jpg', 'RGB mechanical keyboard with blue switches and aluminum frame.', 'KB-MK700', CURRENT_TIMESTAMP),
('274e4b1c-048b-40ce-88f5-dc441566ccf0', 'Laptop Acer Swift Lite 14', 499.00, 'https://m.media-amazon.com/images/I/81Ks6doLmYL._SX679_.jpg', 'Slim 14-inch laptop with Ryzen 5 processor and 512GB SSD.', 'LP-AS3', CURRENT_TIMESTAMP),
('a10e14c2-32fc-4081-813e-ae5b4ec32734', 'Wireless Headphones WH500', 89.00, 'https://m.media-amazon.com/images/I/61B5hIAmvdL._SX522_.jpg', 'Over-ear wireless headphones with deep bass and foldable design.', 'HP-WH500', CURRENT_TIMESTAMP),
('7de3509f-e0cc-4b6e-8fcb-fcc848752d7c', 'Samsung Galaxy S22', 499.00, 'https://m.media-amazon.com/images/I/810b1GFtl9L._SL1500_.jpg', 'Flagship Samsung phone with Dynamic AMOLED 120Hz display.', 'MB-SGS22', CURRENT_TIMESTAMP),
('4af8045c-64d7-4840-9aa7-b5114de8d6f8', 'Smart TV 43" UltraHD', 499.00, 'https://m.media-amazon.com/images/I/81gqvGIGoYL._SL1500_.jpg', '43-inch 4K UltraHD smart TV with HDR10 and voice assistant.', 'TV-UHD43', CURRENT_TIMESTAMP),
('430b6ec9-972e-403e-9bbd-9fe446807edf', 'Laptop Dell Inspiron 13', 479.00, 'https://m.media-amazon.com/images/I/71UcgypoOKL._SL1500_.jpg', 'Lightweight Dell laptop with Intel i5 and 8GB RAM.', 'LP-DI14', CURRENT_TIMESTAMP),
('2dfab47b-c024-46a1-8e9b-6e9d07d3d2f0', 'Bluetooth Mouse M300', 35.00, 'https://m.media-amazon.com/images/I/61weAYwrxGL._SL1500_.jpg', 'Wireless Bluetooth mouse with ergonomic grip and fast tracking.', 'MS-M300', CURRENT_TIMESTAMP),
('0a29fd61-450c-4999-bd99-4863a074b4dc', 'iPhone 12', 499.00, 'https://m.media-amazon.com/images/I/711wsjBtWeL._SL1500_.jpg', 'Apple iPhone 12 with A14 Bionic chip and OLED display.', 'MB-IP12', CURRENT_TIMESTAMP),
('d74abd8a-afb5-4f40-84b7-08843ea71b7d', 'Samsung Galaxy A35', 379.00, 'https://m.media-amazon.com/images/I/71eUNTW+nJL._SL1500_.jpg', 'Samsung smartphone with triple camera and long-lasting battery.', 'MB-SGA35', CURRENT_TIMESTAMP),
('62e68d51-b53d-4786-be52-cde3e0333ab9', 'Gaming Headset GH200', 69.99, 'https://m.media-amazon.com/images/I/41lApPVIXKL._SY300_SX300_QL70_FMwebp_.jpg', 'Surround sound headset with noise-cancelling mic for gaming.', 'HP-GH200', CURRENT_TIMESTAMP),
('c401ec6d-b2bc-418c-abfa-e7b4123471c8', 'Smart TV 50" 4K HDR', 499.00, 'https://m.media-amazon.com/images/I/81a96gb0ovL._SL1500_.jpg', '50-inch 4K HDR smart TV with streaming apps built-in.', 'TV-50HDR', CURRENT_TIMESTAMP),
('f6c4c180-7a2c-4eb1-9296-3ffb41df411d', 'Wireless Mouse MX1', 29.99, 'https://m.media-amazon.com/images/I/41rIY4opa3L._SL1142_.jpg', 'Rechargeable wireless mouse with silent clicks.', 'MS-MX1', CURRENT_TIMESTAMP),
('8330e309-59c3-424f-b492-5f5465b69394', 'Laptop HP Pavilion 13', 499.00, 'https://m.media-amazon.com/images/I/618zAXbM4uL._SL1500_.jpg', '14-inch HP laptop with AMD Ryzen 5 and backlit keyboard.', 'LP-HP14', CURRENT_TIMESTAMP),
('e2b13979-faf4-440e-a212-956e656cab3f', 'Mechanical Keyboard MK550', 79.00, 'https://m.media-amazon.com/images/I/61q1ee7Q+BL._SL1500_.jpg', 'Compact mechanical keyboard with hot-swappable keys.', 'KB-MK550', CURRENT_TIMESTAMP),
('b262fd19-a1d0-491e-8ed6-5a09842528eb', 'Wireless Earbuds Pro', 99.00, 'https://m.media-amazon.com/images/I/61J22sM6edL._SL1500_.jpg', 'Active noise-cancelling wireless earbuds with long battery life.', 'EB-PRO', CURRENT_TIMESTAMP),
('ae23cc9d-3f95-4bc1-82bd-0d4b1cf3861c', 'Laptop Lenovo IdeaPad 3', 469.00, 'https://m.media-amazon.com/images/I/71Q6JmLZE7L._SL1500_.jpg', 'Reliable laptop for work and study with 15.6-inch screen.', 'LP-LI3', CURRENT_TIMESTAMP),
('4a43cec4-50c9-4577-992a-66dade765b53', 'Smart TV 32" HD', 299.00, 'https://m.media-amazon.com/images/I/71kjAokz-yL._SL1500_.jpg', '32-inch HD smart TV with built-in streaming support.', 'TV-HD32', CURRENT_TIMESTAMP),
('2c9c41ad-d373-4f72-b836-09d5a65a5dd8', 'Bluetooth Mouse Ergo 500', 45.00, 'https://m.media-amazon.com/images/I/61XXSNfyC6L._SL1500_.jpg', 'Comfort ergonomic Bluetooth mouse for daily use.', 'MS-E500', CURRENT_TIMESTAMP),
('672db8f4-0c10-4829-8a51-b9cc0cf65410', 'iPhone SE 2022', 429.00, 'https://m.media-amazon.com/images/I/518mKY5OfUL._SL1000_.jpg', 'Compact iPhone SE with Touch ID and A15 Bionic chip.', 'MB-IPSE', CURRENT_TIMESTAMP),
('f6ca2d45-0a33-4740-874f-e33ecd0b5102', 'Wireless Headphones WH300', 79.00, 'https://m.media-amazon.com/images/I/51rpbVmi9XL._SL1200_.jpg', 'Comfortable on-ear wireless headphones with strong bass.', 'HP-WH300', CURRENT_TIMESTAMP),
('1ddac749-dbc5-4caa-b6f3-0488fbbea0b4', 'Laptop ASUS Vivobook 15', 489.00, 'https://m.media-amazon.com/images/I/61N-3LSyoBL._SL1500_.jpg', '15-inch laptop with Ryzen 7 and full-size keyboard.', 'LP-AV15', CURRENT_TIMESTAMP),
('d9f49e7e-3b0c-4420-88e4-cbf8f20f3307', 'Gaming Keyboard GK500', 89.00, 'https://m.media-amazon.com/images/I/717OAh8m-gL._SL1500_.jpg', 'Mechanical gaming keyboard with RGB backlight and macros.', 'KB-GK500', CURRENT_TIMESTAMP),
('3720e049-d2da-4a42-8573-2bf66f6f7116', 'Bluetooth Mouse Compact M120', 25.00, 'https://m.media-amazon.com/images/I/51hZtBRUFBL._SL1500_.jpg', 'Compact Bluetooth mouse for laptops and tablets.', 'MS-M120', CURRENT_TIMESTAMP),
('f9e5dc0b-54b6-4b35-a53b-951965a3e6b1', 'Wireless Earbuds Basic', 49.00, 'https://m.media-amazon.com/images/I/614gbl-O98L._SL1500_.jpg', 'Budget wireless earbuds with touch controls.', 'EB-BASIC', CURRENT_TIMESTAMP),
('b2fa7ada-1570-495b-b77f-d3a668a06c58', 'Smart TV 43" FHD', 399.00, 'https://m.media-amazon.com/images/I/810VrsrOCML._SL1500_.jpg', '43-inch Full HD smart TV with HDMI and USB ports.', 'TV-FHD42', CURRENT_TIMESTAMP),
('8ccebf95-cdd3-4bf9-93a3-82563b9ed275', 'Noise Cancelling Headphones Pro', 249.00, 'https://m.media-amazon.com/images/I/51CnDMbXZzL._SL1200_.jpg', 'Over-ear headphones with advanced ANC and comfort design.', 'HP-NC-PRO', CURRENT_TIMESTAMP);

-- Thêm 60 comment (2 comment cho mỗi product)
INSERT INTO comment (id, product_id, user_id, content, created_at) VALUES
('6f1a2b3c-0a4b-4d5e-9f01-1a2b3c4d5e6f', '0fb9d47c-1d6a-4586-9297-280ad3b67eea', '1477d6d1-ba33-411b-b82b-1a00e3e9ff66', 'Excellent clarity for the price, and the fit is comfortable for long use.', CURRENT_TIMESTAMP),
('8a2b3c4d-1b5c-4e6f-0a12-2b3c4d5e6f7a', '0fb9d47c-1d6a-4586-9297-280ad3b67eea', 'bb1a9186-39c1-42f0-9fa2-eff1b8c8d7eb', 'Battery life exceeded my expectations; pairing is instant.', CURRENT_TIMESTAMP),

('1c2d3e4f-2a6b-4c7d-9e12-3c4d5e6f7a8b', '780d0050-e201-499d-8b20-84df1201e90d', '4b89b598-ed57-4554-a37a-d77c06397bf4', 'Keys feel nice and responsive, connectivity is rock solid.', CURRENT_TIMESTAMP),
('2d3e4f5a-3b7c-4d8e-0f23-4d5e6f7a8b9c', '780d0050-e201-499d-8b20-84df1201e90d', '2587b5bd-0945-4be0-a687-9e1d93dc6425', 'Compact and portable — perfect for travel setups.', CURRENT_TIMESTAMP),

('3e4f5a6b-4c8d-5e9f-1a34-5e6f7a8b9c0d', '845f9122-8440-4326-80b1-d8b936b6c2fb', 'b69f12d9-798e-4af3-b29f-7c57ffc5c311', 'Camera and performance are impressive for a device this size.', CURRENT_TIMESTAMP),
('4f5a6b7c-5d9e-6f0a-2b45-6f7a8b9c0d1e', '845f9122-8440-4326-80b1-d8b936b6c2fb', 'dbdfb775-942a-4af1-b40f-f0fd230d5784', 'Very snappy UI and solid battery for day-to-day use.', CURRENT_TIMESTAMP),

('5a6b7c8d-6e0f-7a1b-3c56-7a8b9c0d1e2f', '28a09363-a380-4d19-8b60-152d52a76a64', 'd6d26785-e66d-4bd2-98d1-77ddddf4e70e', 'Bright screen and great battery life for streaming.', CURRENT_TIMESTAMP),
('6b7c8d9e-7f10-8a2c-4d67-8b9c0d1e2f3a', '28a09363-a380-4d19-8b60-152d52a76a64', '1477d6d1-ba33-411b-b82b-1a00e3e9ff66', 'Solid camera setup and smooth performance overall.', CURRENT_TIMESTAMP),

('7c8d9e0f-8011-9a3d-5e78-9c0d1e2f3a4b', 'c92daca0-64b3-4448-b978-20d9fd1b0494', 'bb1a9186-39c1-42f0-9fa2-eff1b8c8d7eb', 'RGB is vivid and the switches feel premium.', CURRENT_TIMESTAMP),
('8d9e0f10-9122-ab4e-6f89-0d1e2f3a4b5c', 'c92daca0-64b3-4448-b978-20d9fd1b0494', '4b89b598-ed57-4554-a37a-d77c06397bf4', 'Great for both typing and gaming; solid build.', CURRENT_TIMESTAMP),

('9e0f1011-a233-bc5f-709a-1e2f3a4b5c6d', '274e4b1c-048b-40ce-88f5-dc441566ccf0', '2587b5bd-0945-4be0-a687-9e1d93dc6425', 'Lightweight and fast — perfect for students.', CURRENT_TIMESTAMP),
('0f101122-b344-cd6a-81ab-2f3a4b5c6d7e', '274e4b1c-048b-40ce-88f5-dc441566ccf0', 'b69f12d9-798e-4af3-b29f-7c57ffc5c311', 'Good performance for productivity tasks; battery is decent.', CURRENT_TIMESTAMP),

('a0111223-c455-de7b-92bc-3a4b5c6d7e8f', 'a10e14c2-32fc-4081-813e-ae5b4ec32734', 'dbdfb775-942a-4af1-b40f-f0fd230d5784', 'Noise cancellation works well and the pads are soft.', CURRENT_TIMESTAMP),
('b1222334-d566-ef8c-a3cd-4b5c6d7e8f90', 'a10e14c2-32fc-4081-813e-ae5b4ec32734', 'd6d26785-e66d-4bd2-98d1-77ddddf4e70e', 'Balanced sound and comfortable for long listening sessions.', CURRENT_TIMESTAMP),

('c2333445-e677-f09d-b4de-5c6d7e8f9011', '7de3509f-e0cc-4b6e-8fcb-fcc848752d7c', '1477d6d1-ba33-411b-b82b-1a00e3e9ff66', 'Camera takes stunning photos, and the screen is beautiful.', CURRENT_TIMESTAMP),
('d3444556-f788-0aae-c5ef-6d7e8f901122', '7de3509f-e0cc-4b6e-8fcb-fcc848752d7c', 'bb1a9186-39c1-42f0-9fa2-eff1b8c8d7eb', 'Smooth performance and very responsive touch.', CURRENT_TIMESTAMP),

('e4555667-0899-1bbf-d6f0-7e8f90112233', '4af8045c-64d7-4840-9aa7-b5114de8d6f8', '4b89b598-ed57-4554-a37a-d77c06397bf4', 'Picture quality is excellent and the interface is fast.', CURRENT_TIMESTAMP),
('f5666778-19aa-2cc0-e701-8f9011223344', '4af8045c-64d7-4840-9aa7-b5114de8d6f8', '2587b5bd-0945-4be0-a687-9e1d93dc6425', 'Great value for the price; easy to install.', CURRENT_TIMESTAMP),

('06778889-2abb-3dd1-f812-901122334455', '430b6ec9-972e-403e-9bbd-9fe446807edf', 'b69f12d9-798e-4af3-b29f-7c57ffc5c311', 'Fast boot times and sturdy build; keyboard is comfortable.', CURRENT_TIMESTAMP),
('1788999a-3bcc-4ee2-0893-a01122334456', '430b6ec9-972e-403e-9bbd-9fe446807edf', 'dbdfb775-942a-4af1-b40f-f0fd230d5784', 'Good screen brightness and the hinge feels solid.', CURRENT_TIMESTAMP),

('2899aabb-4cdd-5ff3-19a4-b12233445567', '2dfab47b-c024-46a1-8e9b-6e9d07d3d2f0', 'd6d26785-e66d-4bd2-98d1-77ddddf4e70e', 'Smooth tracking and comfortable shape for long use.', CURRENT_TIMESTAMP),
('39aabbcc-5dee-6gg4-2ab5-c23344556678', '2dfab47b-c024-46a1-8e9b-6e9d07d3d2f0', '1477d6d1-ba33-411b-b82b-1a00e3e9ff66', 'Very responsive clicks and good battery.', CURRENT_TIMESTAMP),

('4abbccdd-6eff-7hh5-3bc6-d34455667789', '0a29fd61-450c-4999-bd99-4863a074b4dc', 'bb1a9186-39c1-42f0-9fa2-eff1b8c8d7eb', 'Smooth performance and great camera for photos.', CURRENT_TIMESTAMP),
('5bccddee-7f00-8ii6-4cd7-e4556677889a', '0a29fd61-450c-4999-bd99-4863a074b4dc', '4b89b598-ed57-4554-a37a-d77c06397bf4', 'Solid build and consistent speed during multitasking.', CURRENT_TIMESTAMP),

('6cddffee-8011-9jj7-5de8-f566778899ab', 'd74abd8a-afb5-4f40-84b7-08843ea71b7d', '2587b5bd-0945-4be0-a687-9e1d93dc6425', 'Great battery life and smooth UI, good value.', CURRENT_TIMESTAMP),
('7deeffff-9122-0kk8-6ef9-067778899abc', 'd74abd8a-afb5-4f40-84b7-08843ea71b7d', 'b69f12d9-798e-4af3-b29f-7c57ffc5c311', 'Camera performance is better than expected for the price.', CURRENT_TIMESTAMP),

('8eff0011-a233-1ll9-7f0a-1788899abcd', '62e68d51-b53d-4786-be52-cde3e0333ab9', 'dbdfb775-942a-4af1-b40f-f0fd230d5784', 'Comfortable headset and clear mic for voice chat.', CURRENT_TIMESTAMP),
('9f001122-b344-2mm0-8g1b-28999abcdeef', '62e68d51-b53d-4786-be52-cde3e0333ab9', 'd6d26785-e66d-4bd2-98d1-77ddddf4e70e', 'Soundstage is good and mic cancels background noise well.', CURRENT_TIMESTAMP),

('a0112233-c455-3nn1-9h2c-399aabbcdef0', 'c401ec6d-b2bc-418c-abfa-e7b4123471c8', '1477d6d1-ba33-411b-b82b-1a00e3e9ff66', 'The display is crisp and the smart OS is easy to navigate.', CURRENT_TIMESTAMP),
('b1223344-d566-4oo2-0i3d-4aabbccdef01', 'c401ec6d-b2bc-418c-abfa-e7b4123471c8', 'bb1a9186-39c1-42f0-9fa2-eff1b8c8d7eb', 'Great contrast and quick app launching.', CURRENT_TIMESTAMP),

('c2334455-e677-5pp3-1j4e-5bbccddef012', 'f6c4c180-7a2c-4eb1-9296-3ffb41df411d', '4b89b598-ed57-4554-a37a-d77c06397bf4', 'Very smooth clicks and the battery lasts ages.', CURRENT_TIMESTAMP),
('d3445566-f788-6qq4-2k5f-6ccddeef0123', 'f6c4c180-7a2c-4eb1-9296-3ffb41df411d', '2587b5bd-0945-4be0-a687-9e1d93dc6425', 'Ergonomic and reliable for everyday tasks.', CURRENT_TIMESTAMP),

('e4556677-0899-7rr5-3l6g-7dddeef01234', '8330e309-59c3-424f-b492-5f5465b69394', 'b69f12d9-798e-4af3-b29f-7c57ffc5c311', 'Useful port selection and solid data transfer speeds.', CURRENT_TIMESTAMP),
('f5667788-19aa-8ss6-4m7h-8eeff0123456', '8330e309-59c3-424f-b492-5f5465b69394', 'dbdfb775-942a-4af1-b40f-f0fd230d5784', 'Plug-and-play, no driver hassles on my laptop.', CURRENT_TIMESTAMP),

('06788999-2abb-9tt7-5n8i-9ff001234567', 'e2b13979-faf4-440e-a212-956e656cab3f', 'd6d26785-e66d-4bd2-98d1-77ddddf4e70e', 'Webcam quality is clear and microphone picks up voice well.', CURRENT_TIMESTAMP),
('17899aaa-3bcc-0uu8-6o9j-0f1123456789', 'e2b13979-faf4-440e-a212-956e656cab3f', '1477d6d1-ba33-411b-b82b-1a00e3e9ff66', 'Perfect for video calls and streaming with autofocus.', CURRENT_TIMESTAMP),

('2899bbbb-4cdd-1vv9-7p0k-1f223456789a', 'b262fd19-a1d0-491e-8ed6-5a09842528eb', 'bb1a9186-39c1-42f0-9fa2-eff1b8c8d7eb', 'Projector works great in dim rooms and is easy to set up.', CURRENT_TIMESTAMP),
('39aabbcc-5dee-2ww0-8q1l-2g33456789ab', 'b262fd19-a1d0-491e-8ed6-5a09842528eb', '4b89b598-ed57-4554-a37a-d77c06397bf4', 'Image is sharp and colors look natural.', CURRENT_TIMESTAMP),

('4abbccdd-6eff-3xx1-9r2m-3h4456789abc', 'ae23cc9d-3f95-4bc1-82bd-0d4b1cf3861c', '2587b5bd-0945-4be0-a687-9e1d93dc6425', 'VR experience is immersive and tracking is accurate.', CURRENT_TIMESTAMP),
('5bccddee-7f00-4yy2-0s3n-4i556789abcd', 'ae23cc9d-3f95-4bc1-82bd-0d4b1cf3861c', 'b69f12d9-798e-4af3-b29f-7c57ffc5c311', 'Comfortable fit and visuals are crisp.', CURRENT_TIMESTAMP),

('6cddffee-8011-5zz3-1t4o-5j66789abcde', '4a43cec4-50c9-4577-992a-66dade765b53', 'dbdfb775-942a-4af1-b40f-f0fd230d5784', 'Works well as a home hub; setup was straightforward.', CURRENT_TIMESTAMP),
('7deeffff-9122-6014-2u5p-6k7789abcdef', '4a43cec4-50c9-4577-992a-66dade765b53', 'd6d26785-e66d-4bd2-98d1-77ddddf4e70e', 'Stable control of multiple smart devices without lag.', CURRENT_TIMESTAMP),

('8eff0011-a233-7125-3v6q-7l889abcdef0', '2c9c41ad-d373-4f72-b836-09d5a65a5dd8', '1477d6d1-ba33-411b-b82b-1a00e3e9ff66', 'Soundbar improves TV audio significantly; bass is clean.', CURRENT_TIMESTAMP),
('9f001122-b344-8236-4w7r-8m990bcdef01', '2c9c41ad-d373-4f72-b836-09d5a65a5dd8', 'bb1a9186-39c1-42f0-9fa2-eff1b8c8d7eb', 'Easy to connect and pairs quickly with Bluetooth.', CURRENT_TIMESTAMP),

('a0112233-c455-9347-5x8s-9n001cdef012', '672db8f4-0c10-4829-8a51-b9cc0cf65410', '4b89b598-ed57-4554-a37a-d77c06397bf4', 'Bright bulb and smooth color transitions via the app.', CURRENT_TIMESTAMP),
('b1223344-d566-a458-6y9t-0o112def1234', '672db8f4-0c10-4829-8a51-b9cc0cf65410', '2587b5bd-0945-4be0-a687-9e1d93dc6425', 'Easy integration with my smart home routines.', CURRENT_TIMESTAMP),

('c2334455-e677-b569-7z0u-1p223ef23456', 'f6ca2d45-0a33-4740-874f-e33ecd0b5102', 'b69f12d9-798e-4af3-b29f-7c57ffc5c311', 'Router provides solid coverage across the apartment.', CURRENT_TIMESTAMP),
('d3445566-f788-c67a-8a1v-2q334f345678', 'f6ca2d45-0a33-4740-874f-e33ecd0b5102', 'dbdfb775-942a-4af1-b40f-f0fd230d5784', 'Setup was quick and speeds are consistent.', CURRENT_TIMESTAMP),

('e4556677-0899-d78b-9b2w-3r445g456789', '1ddac749-dbc5-4caa-b6f3-0488fbbea0b4', 'd6d26785-e66d-4bd2-98d1-77ddddf4e70e', 'Great external drive for backups; quiet and reliable.', CURRENT_TIMESTAMP),
('f5667788-19aa-e89c-0c3x-4s556h56789a', '1ddac749-dbc5-4caa-b6f3-0488fbbea0b4', '1477d6d1-ba33-411b-b82b-1a00e3e9ff66', 'Easy to use and fast transfers over USB-C.', CURRENT_TIMESTAMP),

('06788999-2abb-f9ad-1d4y-5t667i6789ab', 'd9f49e7e-3b0c-4420-88e4-cbf8f20f3307', 'bb1a9186-39c1-42f0-9fa2-eff1b8c8d7eb', 'Compact camera with good stabilization for outdoor shots.', CURRENT_TIMESTAMP),
('17899aaa-3bcc-0abe-2e5z-6u778j789abc', 'd9f49e7e-3b0c-4420-88e4-cbf8f20f3307', '4b89b598-ed57-4554-a37a-d77c06397bf4', 'Image quality is crisp and colors are accurate.', CURRENT_TIMESTAMP),

('2899bbbb-4cdd-1bcf-3f6a-7v889k89abcd', '3720e049-d2da-4a42-8573-2bf66f6f7116', '2587b5bd-0945-4be0-a687-9e1d93dc6425', 'Speaker is loud and bass is impressive for size.', CURRENT_TIMESTAMP),
('39aabbcc-5dee-2cd0-4g7b-8w990l9abcde', '3720e049-d2da-4a42-8573-2bf66f6f7116', 'b69f12d9-798e-4af3-b29f-7c57ffc5c311', 'Long battery life and very portable for outdoor use.', CURRENT_TIMESTAMP),

('4abbccdd-6eff-3de1-5h8c-9x001mabcdf0', 'f9e5dc0b-54b6-4b35-a53b-951965a3e6b1', 'dbdfb775-942a-4af1-b40f-f0fd230d5784', 'Convenient stand and charges quickly without issues.', CURRENT_TIMESTAMP),
('5bccddee-7f00-4ef2-6i9d-0y112nbcdef1', 'f9e5dc0b-54b6-4b35-a53b-951965a3e6b1', 'd6d26785-e66d-4bd2-98d1-77ddddf4e70e', 'Works well with my phone and keeps it cool while charging.', CURRENT_TIMESTAMP),

('6cddffee-8011-5f03-7j0e-1z223ocdef12', 'b2fa7ada-1570-495b-b77f-d3a668a06c58', '1477d6d1-ba33-411b-b82b-1a00e3e9ff66', 'Monitor colors are vivid and refresh rate is smooth for gaming.', CURRENT_TIMESTAMP),
('7deeffff-9122-6014-8k1f-2a334pdef123', 'b2fa7ada-1570-495b-b77f-d3a668a06c58', 'bb1a9186-39c1-42f0-9fa2-eff1b8c8d7eb', 'Great response time and easy on the eyes during long sessions.', CURRENT_TIMESTAMP),

('8eff0011-a233-7125-9l2g-3b445qef2345', '8ccebf95-cdd3-4bf9-93a3-82563b9ed275', '4b89b598-ed57-4554-a37a-d77c06397bf4', 'ANC is top-notch and build quality feels premium.', CURRENT_TIMESTAMP),
('9f001122-b344-8236-0m3h-4c556ref3456', '8ccebf95-cdd3-4bf9-93a3-82563b9ed275', '2587b5bd-0945-4be0-a687-9e1d93dc6425', 'Comfortable for long listening sessions and great noise blocking.', CURRENT_TIMESTAMP);
